{
    "extensionName": "ThymioII Basic",
    "extensionPort": 3000,
    "useHTTP": true,
    "blockSpecs": [
       [" ", "Q_add_motion job %n for %n csec, left %n right %n", "nodes/thymio-II/Q_add_motion", 99, 100, 100, 100],
       [" ", "Q_cancel_motion job %n", "nodes/thymio-II/Q_cancel_motion", ],
       [" ", "Q_set_odometer theta %n x %n y %n", "nodes/thymio-II/Q_set_odometer", 0, 0, 0],
       [" ", "V_leds_prox_h %n %n %n %n %n %n %n %n", "nodes/thymio-II/V_leds_prox_h", 0,16,32,32,16,0,32,32],
       [" ", "V_leds_circle %n %n %n %n %n %n %n %n", "nodes/thymio-II/V_leds_circle", 0,8,16,32,0,8,16,32],
       [" ", "V_leds_top %n %n %n", "nodes/thymio-II/V_leds_top", 0,0,32],
       [" ", "V_leds_bottom %m.zeroone %n %n %n", "nodes/thymio-II/V_leds_bottom", "0",0,32,0],
       [" ", "V_leds_prox_v %n %n", "nodes/thymio-II/V_leds_prox_v", 32,32],
       [" ", "V_leds_buttons %n %n %n %n", "nodes/thymio-II/V_leds_buttons", 16,32,16,32],
       [" ", "V_leds_rc %n", "nodes/thymio-II/V_leds_rc", 16],
       [" ", "V_leds_temperature hot %n cold %n", "nodes/thymio-II/V_leds_temperature", 32,8],
       [" ", "V_leds_sound %n", "nodes/thymio-II/V_leds_sound", 32],
       [" ", "A_sound_freq %n Hz %n/60ths", "nodes/thymio-II/A_sound_freq", 440, 30],
       [" ", "A_sound_play %n", "nodes/thymio-II/A_sound_play", 0],
       [" ", "A_sound_system %n", "nodes/thymio-II/A_sound_system", 3],
       [" ", "A_sound_replay %n", "nodes/thymio-II/A_sound_replay", 0],
       [" ", "A_sound_record %n", "nodes/thymio-II/A_sound_record", 0],
       [" ", "M_motor_left %n", "nodes/thymio-II/M_motor_left", 50],
       [" ", "M_motor_right %n", "nodes/thymio-II/M_motor_right", 50],
       ["r", "distance.front", "distance.front"],
       ["r", "distance.back", "distance.back"],
       ["r", "angle.front", "angle.front"],
       ["r", "odo.delta", "odo.delta"],
       ["r", "odo.theta", "odo.theta"],
       ["r", "odo.x", "odo.x"],
       ["r", "odo.y", "odo.y"],
       ["r", "odo.degree", "odo.degree"],
       ["r", "proximity %n", "proximity", 2],
       ["r", "ground %n", "ground", 0],
       ["r", "acc", "acc"],
       ["r", "acc._tap", "acc._tap"],
       ["r", "prox.horizontal", "prox.horizontal"],
       ["r", "prox.ground.delta", "prox.ground.delta"],
       ["r", "button.backward", "button.backward"],
       ["r", "button.left", "button.left"],
       ["r", "button.center", "button.center"],
       ["r", "button.forward", "button.forward"],
       ["r", "button.right", "button.right"],       
       ["r", "mic.intensity", "mic.intensity"],
       ["r", "mic.threshold", "mic.threshold"],
       ["r", "event.source", "event.source"],
       ["r", "event.args", "event.args"],
       ["r", "prox.comm.rx._payloads", "prox.comm.rx._payloads"],
       ["r", "prox.comm.rx._intensities", "prox.comm.rx._intensities"],
       ["r", "prox.comm.rx", "prox.comm.rx"],
       ["r", "prox.comm.tx", "prox.comm.tx"],
       ["r", "prox.ground.ambiant", "prox.ground.ambiant"],
       ["r", "prox.ground.reflected", "prox.ground.reflected"],
       ["r", "motor.left.target", "motor.left.target"],
       ["r", "motor.right.target", "motor.right.target"],
       ["r", "motor.left.pwm", "motor.left.pwm"],
       ["r", "motor.right.pwm", "motor.right.pwm"],
       ["r", "temperature", "temperature"],
       ["r", "rc5.address", "rc5.address"],
       ["r", "rc5.command", "rc5.command"],
    ],
    "menus": {
        "zeroone": ["0","1"],
    },
}
